Area-hIP1;6.1;Area-hIP1_l_N10_nlin2Stdcolin27_6.1_publicP_828db42625a675c3a954c6be2e2b3b88.nii.gz
Area-hIP1;6.1;Area-hIP1_r_N10_nlin2Stdcolin27_6.1_publicP_667c85bcddc6c019b2bdd45fc499737a.nii.gz
Area-hIP2;6.1;Area-hIP2_l_N10_nlin2Stdcolin27_6.1_publicP_1c0b051794d33c3042124e8ff29838a0.nii.gz
Area-hIP2;6.1;Area-hIP2_r_N10_nlin2Stdcolin27_6.1_publicP_ddcac02713410823e3545a59be530553.nii.gz
Area-hIP3;8.4;Area-hIP3_l_N10_nlin2Stdcolin27_8.4_publicP_5894ab3681e1b909971d902f17707d8a.nii.gz
Area-hIP3;8.4;Area-hIP3_r_N10_nlin2Stdcolin27_8.4_publicP_c74eb8ebcf63468f544e4086d2b21348.nii.gz
CM;6.4;CM_l_N10_nlin2Stdcolin27_6.4_publicP_8d55f13bab6c2faa29a1d3754369254a.nii.gz
CM;6.4;CM_r_N10_nlin2Stdcolin27_6.4_publicP_77b53c30c9eeccd49eacfeabf1b1749b.nii.gz
IF;6.4;IF_l_N10_nlin2Stdcolin27_6.4_publicP_84f75af1298ba054b19f5c5b437cd279.nii.gz
IF;6.4;IF_r_N10_nlin2Stdcolin27_6.4_publicP_547c4687931539b4eab1883219f1eeed.nii.gz
LB;6.4;LB_l_N10_nlin2Stdcolin27_6.4_publicP_c0f3b866f2fbd0e69e19594e2b49bc87.nii.gz
LB;6.4;LB_r_N10_nlin2Stdcolin27_6.4_publicP_d5f2f1207c0d4990e06267f0c8262d53.nii.gz
MF;6.4;MF_l_N10_nlin2Stdcolin27_6.4_publicP_68bfc4e1ca51ebd1e8f37cd28b43a2c1.nii.gz
MF;6.4;MF_r_N10_nlin2Stdcolin27_6.4_publicP_39ae43f234d7908175c30bda61f59d55.nii.gz
SF;6.4;SF_l_N10_nlin2Stdcolin27_6.4_publicP_a9119350394bdd2f70dfebe720f5128b.nii.gz
SF;6.4;SF_r_N10_nlin2Stdcolin27_6.4_publicP_abd7559e74f7167161273c1c394027d4.nii.gz
VTM;6.4;VTM_l_N10_nlin2Stdcolin27_6.4_publicP_e9cc71b8b7cadcb07a9fb45099934d06.nii.gz
VTM;6.4;VTM_r_N10_nlin2Stdcolin27_6.4_publicP_dbfa70d00d5a54048d9ca8d94aadd1c2.nii.gz
Area-STS1;3.1;Area-STS1_l_N10_nlin2Stdcolin27_3.1_publicDOI_08e75c6446f93d9bc7c39fa4a2a715da.nii.gz
Area-STS1;3.1;Area-STS1_r_N10_nlin2Stdcolin27_3.1_publicDOI_63fc6556f6555e1eb5cf57200a7a6677.nii.gz
Area-STS2;3.1;Area-STS2_l_N10_nlin2Stdcolin27_3.1_publicDOI_4bab85dc8ab1547e1dcf842a06ed1efa.nii.gz
Area-STS2;3.1;Area-STS2_r_N10_nlin2Stdcolin27_3.1_publicDOI_cd667b25d5535ff74ce57baecd64a272.nii.gz
Area-TI;5.1;Area-TI_l_N10_nlin2Stdcolin27_5.1_publicDOI_45fbfa8808ec4de620328650b134bdc3.nii.gz
Area-TI;5.1;Area-TI_r_N10_nlin2Stdcolin27_5.1_publicDOI_42dd664fb5c8690e7c149fcb0d821a0e.nii.gz
Area-TE-1.0;5.1;Area-TE-1.0_l_N10_nlin2Stdcolin27_5.1_publicP_be05cf2a0b23ccd1cdf2271345cbe45d.nii.gz
Area-TE-1.0;5.1;Area-TE-1.0_r_N10_nlin2Stdcolin27_5.1_publicP_12e3532cc654e44a531eadb30caf0051.nii.gz
Area-TE-1.1;5.1;Area-TE-1.1_l_N10_nlin2Stdcolin27_5.1_publicP_7bb30fe3a0a0cf415780103440b15dbe.nii.gz
Area-TE-1.1;5.1;Area-TE-1.1_r_N10_nlin2Stdcolin27_5.1_publicP_6eb19b3b79d6ff1f27500016ed215dc1.nii.gz
Area-TE-1.2;5.1;Area-TE-1.2_l_N10_nlin2Stdcolin27_5.1_publicP_ae0c6a3a2c11d13f70e25df33dde9f86.nii.gz
Area-TE-1.2;5.1;Area-TE-1.2_r_N10_nlin2Stdcolin27_5.1_publicP_1e94be7f543a6aa668fb776361b6e58a.nii.gz
Area-TE-2.1;5.1;Area-TE-2.1_l_N10_nlin2Stdcolin27_5.1_publicDOI_b7611bb31d7954fbd78da2466dbd0f20.nii.gz
Area-TE-2.1;5.1;Area-TE-2.1_r_N10_nlin2Stdcolin27_5.1_publicDOI_efa4e9b9415b25e5f15f62cae3f85dc7.nii.gz
Area-TE-2.2;5.1;Area-TE-2.2_l_N10_nlin2Stdcolin27_5.1_publicDOI_2622704e8adfe45a66563e39a483e708.nii.gz
Area-TE-2.2;5.1;Area-TE-2.2_r_N10_nlin2Stdcolin27_5.1_publicDOI_b2c5dd9c628afe1e50234b32ef557806.nii.gz
Area-TE-3;5.1;Area-TE-3_l_N10_nlin2Stdcolin27_5.1_publicP_ee94f5c173aaf6496d93f5ebc621a740.nii.gz
Area-TE-3;5.1;Area-TE-3_r_N10_nlin2Stdcolin27_5.1_publicP_83d1cf7a0c3717f030a7c8920887bc00.nii.gz
Area-TeI;5.1;Area-TeI_l_N10_nlin2Stdcolin27_5.1_publicDOI_cd40b4fa9fd491879a4f6eddfcd5ecc3.nii.gz
Area-TeI;5.1;Area-TeI_r_N10_nlin2Stdcolin27_5.1_publicDOI_390febadfb960f019db219f2017726de.nii.gz
Ch-123;4.2;Ch-123_l_N10_nlin2Stdcolin27_4.2_publicP_276e61aa375a96aa30727b96fdbcb359.nii.gz
Ch-123;4.2;Ch-123_r_N10_nlin2Stdcolin27_4.2_publicP_08a22f59a0ef477bcd6839aa94654d41.nii.gz
Ch-4;4.2;Ch-4_l_N10_nlin2Stdcolin27_4.2_publicP_b92bf6270f6426059d719a6ff4d46aa7.nii.gz
Ch-4;4.2;Ch-4_r_N10_nlin2Stdcolin27_4.2_publicP_a38a48076577c2c94ed7aad80c625952.nii.gz
Area-44;7.4;Area-44_l_N10_nlin2Stdcolin27_7.4_publicP_e59cf54b21c0c5b6bc9f28238caca480.nii.gz
Area-44;7.4;Area-44_r_N10_nlin2Stdcolin27_7.4_publicP_a654ac4a5ffb29e71ea8ba6607d8d636.nii.gz
Area-45;7.4;Area-45_l_N10_nlin2Stdcolin27_7.4_publicP_08da4129fea7c04d5608bded93dfda10.nii.gz
Area-45;7.4;Area-45_r_N10_nlin2Stdcolin27_7.4_publicP_b9da1fa5cada59f4d42bac9f59e8eafe.nii.gz
Dorsal-Dentate-Nucleus;6.2;Dorsal-Dentate-Nucleus_l_N10_nlin2Stdcolin27_6.2_publicP_e4005dbb191bf6e7d186a59d7054f585.nii.gz
Dorsal-Dentate-Nucleus;6.2;Dorsal-Dentate-Nucleus_r_N10_nlin2Stdcolin27_6.2_publicP_1f16cdf30a2b987c7f6dd013b08b73ad.nii.gz
Ventral-Dentate-Nucleus;6.2;Ventral-Dentate-Nucleus_l_N10_nlin2Stdcolin27_6.2_publicP_66c0eabf5055063dc9c4e26745bc39d0.nii.gz
Ventral-Dentate-Nucleus;6.2;Ventral-Dentate-Nucleus_r_N10_nlin2Stdcolin27_6.2_publicP_0a940b0c0455d9073942ab515304ead9.nii.gz
Fastigial-Nucleus;6.2;Fastigial-Nucleus_l_N10_nlin2Stdcolin27_6.2_publicP_c18475ec9af75fe8a1f5dce004278e55.nii.gz
Fastigial-Nucleus;6.2;Fastigial-Nucleus_r_N10_nlin2Stdcolin27_6.2_publicP_6745e48df4cef0ef4cd9c1e9f9d114b3.nii.gz
Interposed-Nucleus;6.2;Interposed-Nucleus_l_N10_nlin2Stdcolin27_6.2_publicP_2f9237309b1e61c190196401e9a11c7f.nii.gz
Interposed-Nucleus;6.2;Interposed-Nucleus_r_N10_nlin2Stdcolin27_6.2_publicP_58293b82b27045ef76bc1a0ef3428afc.nii.gz
Area-25;16.1;Area-25_l_N10_nlin2Stdcolin27_16.1_publicP_84abfca40abffa2dffd2e7743f8a6ab3.nii.gz
Area-25;16.1;Area-25_r_N10_nlin2Stdcolin27_16.1_publicP_976b0f40ea5674a178c1c4560b4d56e7.nii.gz
Area-33;16.1;Area-33_l_N10_nlin2Stdcolin27_16.1_publicP_9effbeac2461fdf77b2d49619f168d75.nii.gz
Area-33;16.1;Area-33_r_N10_nlin2Stdcolin27_16.1_publicP_94750db9a4bede8ee6b6970d7ccd8f17.nii.gz
Area-p24ab;16.1;Area-p24ab_l_N10_nlin2Stdcolin27_16.1_publicP_444aa7585813722d798a82dbe79e1c9a.nii.gz
Area-p24ab;16.1;Area-p24ab_r_N10_nlin2Stdcolin27_16.1_publicP_6c52469cebca3f350d92d20020c62e87.nii.gz
Area-p24c;16.1;Area-p24c_l_N10_nlin2Stdcolin27_16.1_publicP_9c9d82fb9bfe36b1bce38672bdb4740a.nii.gz
Area-p24c;16.1;Area-p24c_r_N10_nlin2Stdcolin27_16.1_publicP_beb8c3fb63fe05540e87a2007acc40af.nii.gz
Area-p32;16.1;Area-p32_l_N10_nlin2Stdcolin27_16.1_publicP_0f60df84cc5f99ea1dd97d1b025707a6.nii.gz
Area-p32;16.1;Area-p32_r_N10_nlin2Stdcolin27_16.1_publicP_84d50c4187b65ff997e92bd334553f98.nii.gz
Area-s24;16.1;Area-s24_l_N10_nlin2Stdcolin27_16.1_publicP_4c14280cc9c6d43bb5b7c25981828311.nii.gz
Area-s24;16.1;Area-s24_r_N10_nlin2Stdcolin27_16.1_publicP_ae32c2acd10da0c3cba50800ced302e6.nii.gz
Area-s32;16.1;Area-s32_l_N10_nlin2Stdcolin27_16.1_publicP_cfdb1e6e4d0f7f0636e30669917bd3b8.nii.gz
Area-s32;16.1;Area-s32_r_N10_nlin2Stdcolin27_16.1_publicP_af05582934888efe929b28dda1b672ec.nii.gz
Area-Fp1;2.4;Area-Fp1_l_N10_nlin2Stdcolin27_2.4_publicP_649d51f8daede7444548e13722b688ef.nii.gz
Area-Fp1;2.4;Area-Fp1_r_N10_nlin2Stdcolin27_2.4_publicP_aaf0923c7315332fd3c14bbe15360aca.nii.gz
Area-Fp2;2.4;Area-Fp2_l_N10_nlin2Stdcolin27_2.4_publicP_15ceb771b7ce41cf5db287ca4d09ef13.nii.gz
Area-Fp2;2.4;Area-Fp2_r_N10_nlin2Stdcolin27_2.4_publicP_8590239cbabdbb022a92cf2d783b5525.nii.gz
GapMap_Frontal-II;9.0;GapMap_Frontal-II_l_N10_nlin2Stdcolin27_9.0_publicDOI_80ae233781beea0cdf9462a6d168f6d2.nii.gz
GapMap_Frontal-II;9.0;GapMap_Frontal-II_r_N10_nlin2Stdcolin27_9.0_publicDOI_36f8ddcb74e27bcf8a1e22c7a493426a.nii.gz
GapMap_Frontal-I;9.0;GapMap_Frontal-I_l_N10_nlin2Stdcolin27_9.0_publicDOI_151b45ee302cadda12b5536f5fee6eb1.nii.gz
GapMap_Frontal-I;9.0;GapMap_Frontal-I_r_N10_nlin2Stdcolin27_9.0_publicDOI_7ba56d9266e5294359a6f2ab86986661.nii.gz
GapMap_Frontal-to-Occipital;9.0;GapMap_Frontal-to-Occipital_l_N10_nlin2Stdcolin27_9.0_publicDOI_f9d96fd462cb0cab604039069d7488a3.nii.gz
GapMap_Frontal-to-Occipital;9.0;GapMap_Frontal-to-Occipital_r_N10_nlin2Stdcolin27_9.0_publicDOI_c9613e6de13cc7a714645b1dce9b7f4a.nii.gz
GapMap_Frontal-to-Temporal;9.0;GapMap_Frontal-to-Temporal_l_N10_nlin2Stdcolin27_9.0_publicDOI_c2385cd5608a690eb38a50aab4cbf73f.nii.gz
GapMap_Frontal-to-Temporal;9.0;GapMap_Frontal-to-Temporal_r_N10_nlin2Stdcolin27_9.0_publicDOI_c244f5cd34f3baf52b2735b21a9d51f3.nii.gz
GapMap_Temporal-to-Parietal;9.0;GapMap_Temporal-to-Parietal_l_N10_nlin2Stdcolin27_9.0_publicDOI_b905d5310ad852b703949b49e349c486.nii.gz
GapMap_Temporal-to-Parietal;9.0;GapMap_Temporal-to-Parietal_r_N10_nlin2Stdcolin27_9.0_publicDOI_c758bc57649670258b8c3c403277da9b.nii.gz
CA1;11.1;CA1_l_N10_nlin2Stdcolin27_11.1_publicP_6a386128df7bcc27ed7846d6e90343ef.nii.gz
CA1;11.1;CA1_r_N10_nlin2Stdcolin27_11.1_publicP_50db79a14155739e1cae0400c2830204.nii.gz
CA2;11.1;CA2_l_N10_nlin2Stdcolin27_11.1_publicP_2009682a77ced7a8751c2a45bd4ecb4b.nii.gz
CA2;11.1;CA2_r_N10_nlin2Stdcolin27_11.1_publicP_6c492fe4c1e74ab19c7e7bce5b20dd7a.nii.gz
CA3;11.1;CA3_l_N10_nlin2Stdcolin27_11.1_publicP_c4e0b9c7874b38c9b4af79a804f21db1.nii.gz
CA3;11.1;CA3_r_N10_nlin2Stdcolin27_11.1_publicP_e22d8c1050ddbe2c117af040bf7ee1cc.nii.gz
DG;11.1;DG_l_N10_nlin2Stdcolin27_11.1_publicP_952042bb5c1c286583728113ed7f0d0d.nii.gz
DG;11.1;DG_r_N10_nlin2Stdcolin27_11.1_publicP_34cfe63e44a3453051e894939f1f9cde.nii.gz
Entorhinal-Cortex;11.1;Entorhinal-Cortex_l_N10_nlin2Stdcolin27_11.1_publicP_1d0d9ccd026bd1f8637e97d7620f09b4.nii.gz
Entorhinal-Cortex;11.1;Entorhinal-Cortex_r_N10_nlin2Stdcolin27_11.1_publicP_73ce326e807f25ef312c950d0b65e147.nii.gz
HATA;11.1;HATA_l_N10_nlin2Stdcolin27_11.1_publicP_efe4e6a4cbb55066fb6c0122a744e823.nii.gz
HATA;11.1;HATA_r_N10_nlin2Stdcolin27_11.1_publicP_3500ac604b91911a4289dd863cd9f7da.nii.gz
Subiculum;11.1;Subiculum_l_N10_nlin2Stdcolin27_11.1_publicP_5f029fc0ccb3d7667652349964784613.nii.gz
Subiculum;11.1;Subiculum_r_N10_nlin2Stdcolin27_11.1_publicP_c2be4cfaa9037426c06b06a437eee0ac.nii.gz
Area-PF;9.4;Area-PF_l_N10_nlin2Stdcolin27_9.4_publicP_74d941df6a0b70295896125e27f1072b.nii.gz
Area-PF;9.4;Area-PF_r_N10_nlin2Stdcolin27_9.4_publicP_d715b06e48a51a04939d084ce5a3d7c1.nii.gz
Area-PFcm;9.4;Area-PFcm_l_N10_nlin2Stdcolin27_9.4_publicP_de6698f167f750bb781dc1d94ac9c428.nii.gz
Area-PFcm;9.4;Area-PFcm_r_N10_nlin2Stdcolin27_9.4_publicP_da886451f173415a44331d3eb80a2386.nii.gz
Area-PFm;9.4;Area-PFm_l_N10_nlin2Stdcolin27_9.4_publicP_e1feae26309f20f208adf341fe5db53f.nii.gz
Area-PFm;9.4;Area-PFm_r_N10_nlin2Stdcolin27_9.4_publicP_99fefc475d6c934e896cb0a5055f8c1b.nii.gz
Area-PFop;9.4;Area-PFop_l_N10_nlin2Stdcolin27_9.4_publicP_9088f650ae3c0cc599550c9ad9e7c2fa.nii.gz
Area-PFop;9.4;Area-PFop_r_N10_nlin2Stdcolin27_9.4_publicP_08ee99acfb5bc508cfbf18685554bd3d.nii.gz
Area-PFt;9.4;Area-PFt_l_N10_nlin2Stdcolin27_9.4_publicP_ae4814e8e10a39f2226cbe0e40d5898d.nii.gz
Area-PFt;9.4;Area-PFt_r_N10_nlin2Stdcolin27_9.4_publicP_fbac57b455b0c33989a35f2201126cb2.nii.gz
Area-PGa;9.4;Area-PGa_l_N10_nlin2Stdcolin27_9.4_publicP_655596fcf8594262ae9c7f305b2b4b30.nii.gz
Area-PGa;9.4;Area-PGa_r_N10_nlin2Stdcolin27_9.4_publicP_4e7ecd6470da24e8ec1545022ba7bf4c.nii.gz
Area-PGp;9.4;Area-PGp_l_N10_nlin2Stdcolin27_9.4_publicP_147e4c8a390add242ab474108811d45e.nii.gz
Area-PGp;9.4;Area-PGp_r_N10_nlin2Stdcolin27_9.4_publicP_43784aadc4d7a4f7f853ed4a09253161.nii.gz
Area-Ia;3.1;Area-Ia_l_N10_nlin2Stdcolin27_3.1_publicDOI_a1dc222eaef902176bb1a87e51cb57a9.nii.gz
Area-Ia;3.1;Area-Ia_r_N10_nlin2Stdcolin27_3.1_publicDOI_75c6474e570337081abb1929e73752a2.nii.gz
Area-Id1;13.1;Area-Id1_l_N10_nlin2Stdcolin27_13.1_publicP_4849992227f5c257e1a9f7666fe1ad7b.nii.gz
Area-Id1;13.1;Area-Id1_r_N10_nlin2Stdcolin27_13.1_publicP_a053eee829eb22d5266c402ad29f98cb.nii.gz
Area-Id2;7.1;Area-Id2_l_N10_nlin2Stdcolin27_7.1_publicDOI_8acd3708c3962daa1ef52d576dd44a8f.nii.gz
Area-Id2;7.1;Area-Id2_r_N10_nlin2Stdcolin27_7.1_publicDOI_e404ac268f14b641a4744af5542c1af4.nii.gz
Area-Id3;7.1;Area-Id3_l_N10_nlin2Stdcolin27_7.1_publicDOI_fa1e2706aa8dbd2a8c980bf5de923ca6.nii.gz
Area-Id3;7.1;Area-Id3_r_N10_nlin2Stdcolin27_7.1_publicDOI_cd68a95793016bdb1e8a77a09f1c00ef.nii.gz
Area-Id4;3.1;Area-Id4_l_N10_nlin2Stdcolin27_3.1_publicDOI_f18ef7c60cb32c3641014f0909f93e02.nii.gz
Area-Id4;3.1;Area-Id4_r_N10_nlin2Stdcolin27_3.1_publicDOI_2a6668950e5a00f4a74bf38acca581aa.nii.gz
Area-Id5;3.1;Area-Id5_l_N10_nlin2Stdcolin27_3.1_publicDOI_b2b955819205633599cce414a0175604.nii.gz
Area-Id5;3.1;Area-Id5_r_N10_nlin2Stdcolin27_3.1_publicDOI_2baf1d46de3dc9859c78fc1b034d1855.nii.gz
Area-Id6;3.1;Area-Id6_l_N10_nlin2Stdcolin27_3.1_publicDOI_faf17b46bcdda12944790fc12f5f91ff.nii.gz
Area-Id6;3.1;Area-Id6_r_N10_nlin2Stdcolin27_3.1_publicDOI_13a51145c04f8ff160009f50c312b834.nii.gz
Area-Id7;6.1;Area-Id7_l_N10_nlin2Stdcolin27_6.1_publicDOI_f2f17c06c0a643ce49d98b126a619601.nii.gz
Area-Id7;6.1;Area-Id7_r_N10_nlin2Stdcolin27_6.1_publicDOI_683c76c33eaea809fcf576f4e8dcbbb3.nii.gz
Area-Ig1;13.1;Area-Ig1_l_N10_nlin2Stdcolin27_13.1_publicP_c2f1f49fa6544f1c6386897250d0b3cf.nii.gz
Area-Ig1;13.1;Area-Ig1_r_N10_nlin2Stdcolin27_13.1_publicP_3143abb5953077f77f51e2f2231e557e.nii.gz
Area-Ig2;13.1;Area-Ig2_l_N10_nlin2Stdcolin27_13.1_publicP_f02dd3446cff31f94e4f75b1dd145122.nii.gz
Area-Ig2;13.1;Area-Ig2_r_N10_nlin2Stdcolin27_13.1_publicP_d7cbe960f4d01de62a6621ba53084fae.nii.gz
Area-Ig3;3.1;Area-Ig3_l_N10_nlin2Stdcolin27_3.1_publicDOI_23fb562a22a862c38ed5aa80ee24d6bb.nii.gz
Area-Ig3;3.1;Area-Ig3_r_N10_nlin2Stdcolin27_3.1_publicDOI_b0096df45883891b66669d66f759321d.nii.gz
Area-4a;9.4;Area-4a_l_N10_nlin2Stdcolin27_9.4_publicP_967ad34852b2b9fe3c92d8c17097a66a.nii.gz
Area-4a;9.4;Area-4a_r_N10_nlin2Stdcolin27_9.4_publicP_a8ae6146c4f0e1a7062686fd8828c149.nii.gz
Area-4p;9.4;Area-4p_l_N10_nlin2Stdcolin27_9.4_publicP_fae2f48dfd8b980f3818a7145d0d4dde.nii.gz
Area-4p;9.4;Area-4p_r_N10_nlin2Stdcolin27_9.4_publicP_b99378d72b97c81ef4f4f2f9e7c6ac19.nii.gz
Area-Fo1;3.4;Area-Fo1_l_N10_nlin2Stdcolin27_3.4_publicP_960a53948ed107f3d09f6adf79cbb80a.nii.gz
Area-Fo1;3.4;Area-Fo1_r_N10_nlin2Stdcolin27_3.4_publicP_aaa29c0e90498575ad47fb91c00248ad.nii.gz
Area-Fo2;3.4;Area-Fo2_l_N10_nlin2Stdcolin27_3.4_publicP_51dd6cb82eb566bb0a87a2bd61ba549f.nii.gz
Area-Fo2;3.4;Area-Fo2_r_N10_nlin2Stdcolin27_3.4_publicP_2993d715ed11871738e21953c1b93134.nii.gz
Area-Fo3;3.4;Area-Fo3_l_N10_nlin2Stdcolin27_3.4_publicP_e314f4e0944f6f0dc273af9a69645b35.nii.gz
Area-Fo3;3.4;Area-Fo3_r_N10_nlin2Stdcolin27_3.4_publicP_765b825bdf19beaade700c86b65a27ac.nii.gz
Area-Fo4;2.1;Area-Fo4_l_N10_nlin2Stdcolin27_2.1_publicDOI_2df70e06cfd5cfa015ca9558ff732dae.nii.gz
Area-Fo4;2.1;Area-Fo4_r_N10_nlin2Stdcolin27_2.1_publicDOI_b61321e1759cee1e45c2208e678a3943.nii.gz
Area-Fo5;2.1;Area-Fo5_l_N10_nlin2Stdcolin27_2.1_publicDOI_74ea50aa11cb4d70f5f8e76e595c2e30.nii.gz
Area-Fo5;2.1;Area-Fo5_r_N10_nlin2Stdcolin27_2.1_publicDOI_d31f76f366fcbce1ecefd0d1c681c0fe.nii.gz
Area-Fo6;2.1;Area-Fo6_l_N10_nlin2Stdcolin27_2.1_publicDOI_e0280f196fcc134583b19342a2b4b407.nii.gz
Area-Fo6;2.1;Area-Fo6_r_N10_nlin2Stdcolin27_2.1_publicDOI_db7ea44b1acf9a9a11c471874ae702cf.nii.gz
Area-Fo7;2.1;Area-Fo7_l_N10_nlin2Stdcolin27_2.1_publicDOI_297152bbde864baaf7a26011d61a93df.nii.gz
Area-Fo7;2.1;Area-Fo7_r_N10_nlin2Stdcolin27_2.1_publicDOI_14d60086cddf17c0923499b5197b374a.nii.gz
Area-OP1;11.0;Area-OP1_l_N10_nlin2Stdcolin27_11.0_publicP_4aa43a97f690da8847a3ae55d41bcf19.nii.gz
Area-OP1;11.0;Area-OP1_r_N10_nlin2Stdcolin27_11.0_publicP_62183e97f03dd5a66455d6243c0c986c.nii.gz
Area-OP2;11.0;Area-OP2_l_N10_nlin2Stdcolin27_11.0_publicP_4442cc5c4e018d8b9505f311e003b1d3.nii.gz
Area-OP2;11.0;Area-OP2_r_N10_nlin2Stdcolin27_11.0_publicP_1eae6be77173d46c0ae7bd32e27bac94.nii.gz
Area-OP3;11.0;Area-OP3_l_N10_nlin2Stdcolin27_11.0_publicP_4c17f9e4ca019c359197a8b60d3a3ee6.nii.gz
Area-OP3;11.0;Area-OP3_r_N10_nlin2Stdcolin27_11.0_publicP_6bc137c39d65c2acdebb4476790fd886.nii.gz
Area-OP4;11.0;Area-OP4_l_N10_nlin2Stdcolin27_11.0_publicP_92a4ba5abd7355b3dba7488b2b41ac4f.nii.gz
Area-OP4;11.0;Area-OP4_r_N10_nlin2Stdcolin27_11.0_publicP_aca907f22cf4165b18b1a8b1426cb9b8.nii.gz
Area-OP5;2.0;Area-OP5_l_N10_nlin2Stdcolin27_2.0_publicDOI_a806062704fedcf12e77110fd7365117.nii.gz
Area-OP5;2.0;Area-OP5_r_N10_nlin2Stdcolin27_2.0_publicDOI_fb075e6843ca13e3eb279aa6aeb7a5c8.nii.gz
Area-OP6;2.0;Area-OP6_l_N10_nlin2Stdcolin27_2.0_publicDOI_e9c960bb942a33daf331e4f6784482e2.nii.gz
Area-OP6;2.0;Area-OP6_r_N10_nlin2Stdcolin27_2.0_publicDOI_4bd5340ee8912b256b2230ef3cab4f18.nii.gz
Area-OP7;2.0;Area-OP7_l_N10_nlin2Stdcolin27_2.0_publicDOI_a97bd096732e5e57f31a2defd3c6257d.nii.gz
Area-OP7;2.0;Area-OP7_r_N10_nlin2Stdcolin27_2.0_publicDOI_79b4f57128941df0608d7ec322960653.nii.gz
Area-OP8;5.1;Area-OP8_l_N10_nlin2Stdcolin27_5.1_publicDOI_1d25df23892ebedebbf9ffe115a0f202.nii.gz
Area-OP8;5.1;Area-OP8_r_N10_nlin2Stdcolin27_5.1_publicDOI_a3118794ab13bf97592444a1eeca8f9f.nii.gz
Area-OP9;5.1;Area-OP9_l_N10_nlin2Stdcolin27_5.1_publicDOI_ec9bf05b99fa3460ea63073a38693826.nii.gz
Area-OP9;5.1;Area-OP9_r_N10_nlin2Stdcolin27_5.1_publicDOI_6f622eda1620ccab62d46c4d95b396bb.nii.gz
Area-hIP4;7.1;Area-hIP4_l_N10_nlin2Stdcolin27_7.1_publicP_511ed7fad34d51f367f33e8938e47ba4.nii.gz
Area-hIP4;7.1;Area-hIP4_r_N10_nlin2Stdcolin27_7.1_publicP_6fd00fe205e860d895e79132747d2713.nii.gz
Area-hIP5;7.1;Area-hIP5_l_N10_nlin2Stdcolin27_7.1_publicP_f4d4897056aa0e68c6f79d32dd059b0d.nii.gz
Area-hIP5;7.1;Area-hIP5_r_N10_nlin2Stdcolin27_7.1_publicP_70cec9386200f81db1eca7667ce0e208.nii.gz
Area-hIP6;7.1;Area-hIP6_l_N10_nlin2Stdcolin27_7.1_publicP_ba9a8054c3e2430d74d51b88da896aef.nii.gz
Area-hIP6;7.1;Area-hIP6_r_N10_nlin2Stdcolin27_7.1_publicP_e268e88709a2c36a2861204c3566f63b.nii.gz
Area-hIP7;7.1;Area-hIP7_l_N10_nlin2Stdcolin27_7.1_publicP_7e7b8d7878cc99b15f8f1515966166e1.nii.gz
Area-hIP7;7.1;Area-hIP7_r_N10_nlin2Stdcolin27_7.1_publicP_07b80edd2afed887351766ddc6cfbcfa.nii.gz
Area-hIP8;7.1;Area-hIP8_l_N10_nlin2Stdcolin27_7.1_publicP_7defaa4bb2de378b12a92982ffaabfa9.nii.gz
Area-hIP8;7.1;Area-hIP8_r_N10_nlin2Stdcolin27_7.1_publicP_cd21b04dab60b31f1b7c409a60bd8144.nii.gz
Area-hPO1;7.1;Area-hPO1_l_N10_nlin2Stdcolin27_7.1_publicP_1756f24793fb8a34d206aa15ae8c1031.nii.gz
Area-hPO1;7.1;Area-hPO1_r_N10_nlin2Stdcolin27_7.1_publicP_4dbcc62e2fb44101eb2c4d032be1ba5b.nii.gz
Area-1;8.4;Area-1_l_N10_nlin2Stdcolin27_8.4_publicP_8ffb7eeab7118f647e972259c9d3247d.nii.gz
Area-1;8.4;Area-1_r_N10_nlin2Stdcolin27_8.4_publicP_9456a4c195570c19d6d8cf9fd9e964d1.nii.gz
Area-2;3.4;Area-2_l_N9_nlin2Stdcolin27_3.4_publicP_e6e0da89a546443ab761cc23fafdaa92.nii.gz
Area-2;3.4;Area-2_r_N9_nlin2Stdcolin27_3.4_publicP_6494012cddba7185bab87cb36ea8f69c.nii.gz
Area-3a;8.4;Area-3a_l_N10_nlin2Stdcolin27_8.4_publicP_9312aac3b742096e56db0acecf0dfd37.nii.gz
Area-3a;8.4;Area-3a_r_N10_nlin2Stdcolin27_8.4_publicP_207f7b2221c3112d391d19c3932ec0f2.nii.gz
Area-3b;8.4;Area-3b_l_N10_nlin2Stdcolin27_8.4_publicP_5286409024d66bf87a9033052b3169bf.nii.gz
Area-3b;8.4;Area-3b_r_N10_nlin2Stdcolin27_8.4_publicP_4b88129088fd1b5dabcab0dffc15a2e7.nii.gz
Area-6d1;4.1;Area-6d1_l_N10_nlin2Stdcolin27_4.1_publicDOI_d53dd5b69506097a3c256cdd50ffd0a6.nii.gz
Area-6d1;4.1;Area-6d1_r_N10_nlin2Stdcolin27_4.1_publicDOI_4d0ff72e36020299b349d8a494917373.nii.gz
Area-6d2;4.1;Area-6d2_l_N10_nlin2Stdcolin27_4.1_publicDOI_3ace355865b7a75fb43f17e1d6807219.nii.gz
Area-6d2;4.1;Area-6d2_r_N10_nlin2Stdcolin27_4.1_publicDOI_8a089876227dcbbd0b5223446ac46263.nii.gz
Area-6d3;4.1;Area-6d3_l_N10_nlin2Stdcolin27_4.1_publicDOI_20d31470e7af79c7af8918d842904696.nii.gz
Area-6d3;4.1;Area-6d3_r_N10_nlin2Stdcolin27_4.1_publicDOI_1087f075fb1d7c254046f74f77f67bc5.nii.gz
Area-a29;11.0;Area-a29_l_N10_nlin2Stdcolin27_11.0_publicDOI_13832a7aa26ca88df2a1aa78b883fac1.nii.gz
Area-a29;11.0;Area-a29_r_N10_nlin2Stdcolin27_11.0_publicDOI_40d27c6fe24b7037142664d979e75f35.nii.gz
Area-a30;11.0;Area-a30_l_N10_nlin2Stdcolin27_11.0_publicDOI_06e8e723e721f5c10b044e85f0bd9539.nii.gz
Area-a30;11.0;Area-a30_r_N10_nlin2Stdcolin27_11.0_publicDOI_005b06f6304e27b82a91a79f789906f1.nii.gz
Area-i29;11.0;Area-i29_l_N10_nlin2Stdcolin27_11.0_publicDOI_eea13902de17da838da79cf2aca108b9.nii.gz
Area-i29;11.0;Area-i29_r_N10_nlin2Stdcolin27_11.0_publicDOI_321fdf26b58efadbb5a7cb6ff5ccfafd.nii.gz
Area-i30;11.0;Area-i30_l_N10_nlin2Stdcolin27_11.0_publicDOI_0458b6e5f5978dc7cf9f4173f69b9150.nii.gz
Area-i30;11.0;Area-i30_r_N10_nlin2Stdcolin27_11.0_publicDOI_3220bc8cf266e67a5566c7aff6ad4e42.nii.gz
Area-p29;11.0;Area-p29_l_N10_nlin2Stdcolin27_11.0_publicDOI_800dfb77ad9d305356701f7b137be677.nii.gz
Area-p29;11.0;Area-p29_r_N10_nlin2Stdcolin27_11.0_publicDOI_06d90447f037b1334ac621c0c7772a35.nii.gz
Area-p30;11.0;Area-p30_l_N10_nlin2Stdcolin27_11.0_publicDOI_7cfff2e023fa8bc7b543786a3e96ab6a.nii.gz
Area-p30;11.0;Area-p30_r_N10_nlin2Stdcolin27_11.0_publicDOI_5e088d84771286f3218ca896c2dae367.nii.gz
Area-5Ci;8.4;Area-5Ci_l_N10_nlin2Stdcolin27_8.4_publicP_19a32582858cc57b7fe1834b22bd118a.nii.gz
Area-5Ci;8.4;Area-5Ci_r_N10_nlin2Stdcolin27_8.4_publicP_b9fefdaa91a8382c7839fd5182e37f5c.nii.gz
Area-5L;8.4;Area-5L_l_N10_nlin2Stdcolin27_8.4_publicP_b200762900ac415160ab4f0ea4c97ff8.nii.gz
Area-5L;8.4;Area-5L_r_N10_nlin2Stdcolin27_8.4_publicP_51222bf8c65bb707a787a659fbdbc655.nii.gz
Area-5M;8.4;Area-5M_l_N10_nlin2Stdcolin27_8.4_publicP_3531d80a4f71b30b4c45468af8fa3307.nii.gz
Area-5M;8.4;Area-5M_r_N10_nlin2Stdcolin27_8.4_publicP_e6d90903b848aebfa656c909f1766a66.nii.gz
Area-7A;8.4;Area-7A_l_N10_nlin2Stdcolin27_8.4_publicP_8d57d1cf5be46a085868adc403ad297f.nii.gz
Area-7A;8.4;Area-7A_r_N10_nlin2Stdcolin27_8.4_publicP_1c5f7d8bdc2a3fcce61ed23e3ed2e292.nii.gz
Area-7PC;8.4;Area-7PC_l_N10_nlin2Stdcolin27_8.4_publicP_483e2a5a539829e9649282df4d175613.nii.gz
Area-7PC;8.4;Area-7PC_r_N10_nlin2Stdcolin27_8.4_publicP_00436b9550b3a0706826b44a31e38b01.nii.gz
Area-7P;8.4;Area-7P_l_N10_nlin2Stdcolin27_8.4_publicP_273286deb524b6db60c55aef828b39b7.nii.gz
Area-7P;8.4;Area-7P_r_N10_nlin2Stdcolin27_8.4_publicP_4985145e131f3b2db24765767d8ad833.nii.gz
Area-6ma;9.1;Area-6ma_l_N10_nlin2Stdcolin27_9.1_publicP_c4e110a68942904a829ce1a6abb28bd1.nii.gz
Area-6ma;9.1;Area-6ma_r_N10_nlin2Stdcolin27_9.1_publicP_d7e68149ee548516d2e3f63158253c5f.nii.gz
Area-6mp;9.1;Area-6mp_l_N10_nlin2Stdcolin27_9.1_publicP_1d38ab9abb3e1e48cca85f22de5b6336.nii.gz
Area-6mp;9.1;Area-6mp_r_N10_nlin2Stdcolin27_9.1_publicP_a587671b8f0fbf0a2b8f3ae5d75ec32a.nii.gz
Area-FG1;1.4;Area-FG1_l_N10_nlin2Stdcolin27_1.4_publicP_f15aef925b85cdda07a24cd5df5bb2fa.nii.gz
Area-FG1;1.4;Area-FG1_r_N10_nlin2Stdcolin27_1.4_publicP_db04aa33e7871003968694b1876d0a54.nii.gz
Area-FG2;1.4;Area-FG2_l_N10_nlin2Stdcolin27_1.4_publicP_795615fc9a62df9aabc1b4184fc26b60.nii.gz
Area-FG2;1.4;Area-FG2_r_N10_nlin2Stdcolin27_1.4_publicP_b6d8306c22a2872d2010aaaed2a09e7a.nii.gz
Area-FG3;6.1;Area-FG3_l_N10_nlin2Stdcolin27_6.1_publicP_cf55dcdaad33d8a1b493fb6e74b44588.nii.gz
Area-FG3;6.1;Area-FG3_r_N10_nlin2Stdcolin27_6.1_publicP_06d27f91c81bee534e4fe646b1cbbbc1.nii.gz
Area-FG4;6.1;Area-FG4_l_N10_nlin2Stdcolin27_6.1_publicP_1c321f02425aa7828dce7a5b042bda82.nii.gz
Area-FG4;6.1;Area-FG4_r_N10_nlin2Stdcolin27_6.1_publicP_683f9ce4bb17648f79caaafb95e3a967.nii.gz
Area-hOc1;2.4;Area-hOc1_l_N10_nlin2Stdcolin27_2.4_publicP_788fe1ea663b1fa4e7e9a8b5cf26c5d6.nii.gz
Area-hOc1;2.4;Area-hOc1_r_N10_nlin2Stdcolin27_2.4_publicP_b3b742528b1d1a933c89b2604d23028d.nii.gz
Area-hOc2;2.4;Area-hOc2_l_N10_nlin2Stdcolin27_2.4_publicP_107c22563c6a2e866be63e0fa46dc438.nii.gz
Area-hOc2;2.4;Area-hOc2_r_N10_nlin2Stdcolin27_2.4_publicP_a06dd5eab4720f7e81c5940c36f9af41.nii.gz
Area-hOc3d;2.4;Area-hOc3d_l_N10_nlin2Stdcolin27_2.4_publicP_635ec81714dba724ca5da95e03ff2f40.nii.gz
Area-hOc3d;2.4;Area-hOc3d_r_N10_nlin2Stdcolin27_2.4_publicP_9263f0e0b2aafbd5e3f8eb672ab49353.nii.gz
Area-hOc3v;3.4;Area-hOc3v_l_N10_nlin2Stdcolin27_3.4_publicP_1a697c6ce10e7244d6a934a45c5dc79c.nii.gz
Area-hOc3v;3.4;Area-hOc3v_r_N10_nlin2Stdcolin27_3.4_publicP_5ac50d54d3501d4acffbbe89b8b3521b.nii.gz
Area-hOc4d;2.4;Area-hOc4d_l_N10_nlin2Stdcolin27_2.4_publicP_61837c79a744d456c34d3af946b676a3.nii.gz
Area-hOc4d;2.4;Area-hOc4d_r_N10_nlin2Stdcolin27_2.4_publicP_d4018904740da8830742474d5e8f94e0.nii.gz
Area-hOc4la;3.4;Area-hOc4la_l_N10_nlin2Stdcolin27_3.4_publicP_16f642398096ac1344ca8f41bcd72cfe.nii.gz
Area-hOc4la;3.4;Area-hOc4la_r_N10_nlin2Stdcolin27_3.4_publicP_18a6ea6984f712e91c0de10b2bb9a407.nii.gz
Area-hOc4lp;3.4;Area-hOc4lp_l_N10_nlin2Stdcolin27_3.4_publicP_fabcd708723f7c86e6cac4e4128e2c4d.nii.gz
Area-hOc4lp;3.4;Area-hOc4lp_r_N10_nlin2Stdcolin27_3.4_publicP_1b5e1b3ae596329a1cdbb2d93d525507.nii.gz
Area-hOc4v;3.4;Area-hOc4v_l_N10_nlin2Stdcolin27_3.4_publicP_45fabb5f075b26870141ef823fa15afb.nii.gz
Area-hOc4v;3.4;Area-hOc4v_r_N10_nlin2Stdcolin27_3.4_publicP_82034ecd08bd39b16df0f465c94ceac0.nii.gz
Area-hOc5;2.4;Area-hOc5_l_N10_nlin2Stdcolin27_2.4_publicP_6ed980373c276947f90f58eefe410f96.nii.gz
Area-hOc5;2.4;Area-hOc5_r_N10_nlin2Stdcolin27_2.4_publicP_7542c361d311176986f0dbab9561b2f6.nii.gz
Area-hOc6;7.1;Area-hOc6_l_N10_nlin2Stdcolin27_7.1_publicP_be904a3989a71a4a202110ff3c6bc446.nii.gz
Area-hOc6;7.1;Area-hOc6_r_N10_nlin2Stdcolin27_7.1_publicP_d39518619b83c18a818916c2d96bca68.nii.gz
