Area-hIP1;6.1;Area-hIP1_l_N10_nlin2MNI152ASYM2009C_6.1_publicP_6356ccda46e27214ce0b87d3325354de.nii.gz
Area-hIP1;6.1;Area-hIP1_r_N10_nlin2MNI152ASYM2009C_6.1_publicP_ce34b7a1a4dd68cead6bf44fa3206e5c.nii.gz
Area-hIP2;6.1;Area-hIP2_l_N10_nlin2MNI152ASYM2009C_6.1_publicP_866af91a1b7d5d3430c06c4a2367ceb7.nii.gz
Area-hIP2;6.1;Area-hIP2_r_N10_nlin2MNI152ASYM2009C_6.1_publicP_dc3b5f651106538fdc5c8915f5caf3fb.nii.gz
Area-hIP3;8.4;Area-hIP3_l_N10_nlin2MNI152ASYM2009C_8.4_publicP_8e7278942625f3bab90e39e63ce6dcdf.nii.gz
Area-hIP3;8.4;Area-hIP3_r_N10_nlin2MNI152ASYM2009C_8.4_publicP_b366037c74bd77ee166a721a2b450728.nii.gz
CM;6.4;CM_l_N10_nlin2MNI152ASYM2009C_6.4_publicP_e326a86b89f4ea97260e01cf26b87e9b.nii.gz
CM;6.4;CM_r_N10_nlin2MNI152ASYM2009C_6.4_publicP_d18c6a8ca9d6d9d69731cea2b5fc9455.nii.gz
IF;6.4;IF_l_N10_nlin2MNI152ASYM2009C_6.4_publicP_86bcd8d2e5a4fd102c318bb698842784.nii.gz
IF;6.4;IF_r_N10_nlin2MNI152ASYM2009C_6.4_publicP_d9187350530dca145200fd6ba248ecb8.nii.gz
LB;6.4;LB_l_N10_nlin2MNI152ASYM2009C_6.4_publicP_910f07fb91d679476b6891533d2a39c3.nii.gz
LB;6.4;LB_r_N10_nlin2MNI152ASYM2009C_6.4_publicP_fb1f9ac262d15a594c2b25407d6a20ca.nii.gz
MF;6.4;MF_l_N10_nlin2MNI152ASYM2009C_6.4_publicP_c34326246da6aaaed3702d698fae3f9b.nii.gz
MF;6.4;MF_r_N10_nlin2MNI152ASYM2009C_6.4_publicP_cfb61668a26d49d06e1bd31ec13710a2.nii.gz
SF;6.4;SF_l_N10_nlin2MNI152ASYM2009C_6.4_publicP_de7bfaa4d5a3bf6d521d1e00c002142f.nii.gz
SF;6.4;SF_r_N10_nlin2MNI152ASYM2009C_6.4_publicP_1a5ddb5b8fcb255db3236e412bd6c80d.nii.gz
VTM;6.4;VTM_l_N10_nlin2MNI152ASYM2009C_6.4_publicP_69a0db315decac01cb5533efa7288599.nii.gz
VTM;6.4;VTM_r_N10_nlin2MNI152ASYM2009C_6.4_publicP_1921f3dc90bb3daf22d969bf30ca73e4.nii.gz
Area-STS1;3.1;Area-STS1_l_N10_nlin2MNI152ASYM2009C_3.1_publicDOI_f4314e996983dbcf8a12a9cc5b946964.nii.gz
Area-STS1;3.1;Area-STS1_r_N10_nlin2MNI152ASYM2009C_3.1_publicDOI_5ea19dd71c1c78bba59509399b6469c4.nii.gz
Area-STS2;3.1;Area-STS2_l_N10_nlin2MNI152ASYM2009C_3.1_publicDOI_bbb9014402bd9375e62f4a05b9a59926.nii.gz
Area-STS2;3.1;Area-STS2_r_N10_nlin2MNI152ASYM2009C_3.1_publicDOI_faa0d81b6dc5d5c54d1eccc0db244c0d.nii.gz
Area-TI;5.1;Area-TI_l_N10_nlin2MNI152ASYM2009C_5.1_publicDOI_cfc2645e72f623a418ad8ab94128f832.nii.gz
Area-TI;5.1;Area-TI_r_N10_nlin2MNI152ASYM2009C_5.1_publicDOI_286731224b07bc233f32d73e0a78458d.nii.gz
Area-TE-1.0;5.1;Area-TE-1.0_l_N10_nlin2MNI152ASYM2009C_5.1_publicP_23be385ece102bd188b8045a4c5afb86.nii.gz
Area-TE-1.0;5.1;Area-TE-1.0_r_N10_nlin2MNI152ASYM2009C_5.1_publicP_f259d35b3cc787f65df5253ae06867b0.nii.gz
Area-TE-1.1;5.1;Area-TE-1.1_l_N10_nlin2MNI152ASYM2009C_5.1_publicP_cb5d98e874d53c78fe95da059935edea.nii.gz
Area-TE-1.1;5.1;Area-TE-1.1_r_N10_nlin2MNI152ASYM2009C_5.1_publicP_53a5cf3c8c3612228ee782b87e4154cd.nii.gz
Area-TE-1.2;5.1;Area-TE-1.2_l_N10_nlin2MNI152ASYM2009C_5.1_publicP_76e9f12554802890fcb9576b90fe4a75.nii.gz
Area-TE-1.2;5.1;Area-TE-1.2_r_N10_nlin2MNI152ASYM2009C_5.1_publicP_f76a262336643bb0c0d6ddd6735a6cac.nii.gz
Area-TE-2.1;5.1;Area-TE-2.1_l_N10_nlin2MNI152ASYM2009C_5.1_publicDOI_78090d12d212d0ab6339ab438cf8773c.nii.gz
Area-TE-2.1;5.1;Area-TE-2.1_r_N10_nlin2MNI152ASYM2009C_5.1_publicDOI_5c4667e5b2a36836547709a9a571422b.nii.gz
Area-TE-2.2;5.1;Area-TE-2.2_l_N10_nlin2MNI152ASYM2009C_5.1_publicDOI_f234726232ea838e5c2ceb861a4a93ae.nii.gz
Area-TE-2.2;5.1;Area-TE-2.2_r_N10_nlin2MNI152ASYM2009C_5.1_publicDOI_ed5a1c6f70ed0832a71c70c98934c071.nii.gz
Area-TE-3;5.1;Area-TE-3_l_N10_nlin2MNI152ASYM2009C_5.1_publicP_16c84a499dd9fb30abf386a889fd7197.nii.gz
Area-TE-3;5.1;Area-TE-3_r_N10_nlin2MNI152ASYM2009C_5.1_publicP_054e759e0dbf18d7388ae410534be34c.nii.gz
Area-TeI;5.1;Area-TeI_l_N10_nlin2MNI152ASYM2009C_5.1_publicDOI_36c7db56787b2f4cc1602617f092a0a5.nii.gz
Area-TeI;5.1;Area-TeI_r_N10_nlin2MNI152ASYM2009C_5.1_publicDOI_7686994ca48e0a4eeebea3714cdd8c49.nii.gz
Ch-123;4.2;Ch-123_l_N10_nlin2MNI152ASYM2009C_4.2_publicP_fa737f79bcb185c7307fb53bdebd6c05.nii.gz
Ch-123;4.2;Ch-123_r_N10_nlin2MNI152ASYM2009C_4.2_publicP_8763c9d51ff71a84267a938013dfe436.nii.gz
Ch-4;4.2;Ch-4_l_N10_nlin2MNI152ASYM2009C_4.2_publicP_7caae7e09c1e0adbe690a88fb52c85c8.nii.gz
Ch-4;4.2;Ch-4_r_N10_nlin2MNI152ASYM2009C_4.2_publicP_fbc6ec2979903e26ee714f5f6b6051d1.nii.gz
Area-44;7.4;Area-44_l_N10_nlin2MNI152ASYM2009C_7.4_publicP_60b37b64b9d16e1cc225e7abab1a237b.nii.gz
Area-44;7.4;Area-44_r_N10_nlin2MNI152ASYM2009C_7.4_publicP_8ab9fe173028c59ae203af675b23ca64.nii.gz
Area-45;7.4;Area-45_l_N10_nlin2MNI152ASYM2009C_7.4_publicP_3e843bc1a5030d4b013474afd62e6ab3.nii.gz
Area-45;7.4;Area-45_r_N10_nlin2MNI152ASYM2009C_7.4_publicP_4bf46aa09eea578f64c480de4c95a799.nii.gz
Dorsal-Dentate-Nucleus;6.2;Dorsal-Dentate-Nucleus_l_N10_nlin2MNI152ASYM2009C_6.2_publicP_77222a6bed045183dd1377d457f9554a.nii.gz
Dorsal-Dentate-Nucleus;6.2;Dorsal-Dentate-Nucleus_r_N10_nlin2MNI152ASYM2009C_6.2_publicP_7b4e398177cc90b6edb362a2151ea909.nii.gz
Ventral-Dentate-Nucleus;6.2;Ventral-Dentate-Nucleus_l_N10_nlin2MNI152ASYM2009C_6.2_publicP_b3fe557c2907b78a494a930e40f8ade3.nii.gz
Ventral-Dentate-Nucleus;6.2;Ventral-Dentate-Nucleus_r_N10_nlin2MNI152ASYM2009C_6.2_publicP_c0bb9f1c756d2dbe2ba822a9102d7ed3.nii.gz
Fastigial-Nucleus;6.2;Fastigial-Nucleus_l_N10_nlin2MNI152ASYM2009C_6.2_publicP_3f29cb863b3378e7099462f166af91ac.nii.gz
Fastigial-Nucleus;6.2;Fastigial-Nucleus_r_N10_nlin2MNI152ASYM2009C_6.2_publicP_88983a4de690eb17c1f72f33e75e76a6.nii.gz
Interposed-Nucleus;6.2;Interposed-Nucleus_l_N10_nlin2MNI152ASYM2009C_6.2_publicP_1661bff98d0758f3f5eb42165ef4607d.nii.gz
Interposed-Nucleus;6.2;Interposed-Nucleus_r_N10_nlin2MNI152ASYM2009C_6.2_publicP_524424d2c0b541c3c026866124f36cbd.nii.gz
Area-25;16.1;Area-25_l_N10_nlin2MNI152ASYM2009C_16.1_publicP_6551c5d95722c83b0303b9fa90ef6a77.nii.gz
Area-25;16.1;Area-25_r_N10_nlin2MNI152ASYM2009C_16.1_publicP_93401fc0a35eeca7ce9915e6f0ae7737.nii.gz
Area-33;16.1;Area-33_l_N10_nlin2MNI152ASYM2009C_16.1_publicP_96cd2655eca9ca5af6c86a1b89742ab2.nii.gz
Area-33;16.1;Area-33_r_N10_nlin2MNI152ASYM2009C_16.1_publicP_6a7e3a50f9afd136abb34efbb2c24fb6.nii.gz
Area-p24ab;16.1;Area-p24ab_l_N10_nlin2MNI152ASYM2009C_16.1_publicP_15f91a07e9c40977374f9039c057807c.nii.gz
Area-p24ab;16.1;Area-p24ab_r_N10_nlin2MNI152ASYM2009C_16.1_publicP_e1ffacac2735757e55e0c3edf7f0af68.nii.gz
Area-p24c;16.1;Area-p24c_l_N10_nlin2MNI152ASYM2009C_16.1_publicP_ed5f1c42c963bdc59256f10ce5201177.nii.gz
Area-p24c;16.1;Area-p24c_r_N10_nlin2MNI152ASYM2009C_16.1_publicP_0cf461f9b5c1e283a0c8c52478458032.nii.gz
Area-p32;16.1;Area-p32_l_N10_nlin2MNI152ASYM2009C_16.1_publicP_b0257eba34d66fc890faf775357c630e.nii.gz
Area-p32;16.1;Area-p32_r_N10_nlin2MNI152ASYM2009C_16.1_publicP_08eef4be4a271d593119669cdf264612.nii.gz
Area-s24;16.1;Area-s24_l_N10_nlin2MNI152ASYM2009C_16.1_publicP_79e7a81bbf24d9e4b93e42f81a49f12b.nii.gz
Area-s24;16.1;Area-s24_r_N10_nlin2MNI152ASYM2009C_16.1_publicP_ee4ea4e85de2ee85df99af068ecdb601.nii.gz
Area-s32;16.1;Area-s32_l_N10_nlin2MNI152ASYM2009C_16.1_publicP_7e88468e35fc1e2ac960d569f9bf60dc.nii.gz
Area-s32;16.1;Area-s32_r_N10_nlin2MNI152ASYM2009C_16.1_publicP_5e30774488c809b01352303e9eeeed6c.nii.gz
Area-Fp1;2.4;Area-Fp1_l_N10_nlin2MNI152ASYM2009C_2.4_publicP_8f5e6508268bacabc4c356660a83278b.nii.gz
Area-Fp1;2.4;Area-Fp1_r_N10_nlin2MNI152ASYM2009C_2.4_publicP_2e62f28d1db83702fb36e4ea307d4b87.nii.gz
Area-Fp2;2.4;Area-Fp2_l_N10_nlin2MNI152ASYM2009C_2.4_publicP_03f14fd279ebd8b219112f076aa3d957.nii.gz
Area-Fp2;2.4;Area-Fp2_r_N10_nlin2MNI152ASYM2009C_2.4_publicP_5d90eb689abf284e11d575a143384102.nii.gz
GapMap_Frontal-II;9.0;GapMap_Frontal-II_l_N10_nlin2MNI152ASYM2009C_9.0_publicDOI_76049fe3f22227c66f4d6f5381969779.nii.gz
GapMap_Frontal-II;9.0;GapMap_Frontal-II_r_N10_nlin2MNI152ASYM2009C_9.0_publicDOI_11870d0a984f6137dbdccdc9365ef81e.nii.gz
GapMap_Frontal-I;9.0;GapMap_Frontal-I_l_N10_nlin2MNI152ASYM2009C_9.0_publicDOI_163f2fabfa75cce1062ed76fb38dfffc.nii.gz
GapMap_Frontal-I;9.0;GapMap_Frontal-I_r_N10_nlin2MNI152ASYM2009C_9.0_publicDOI_fa74ba6a163cc8449f6a431be2030d68.nii.gz
GapMap_Frontal-to-Occipital;9.0;GapMap_Frontal-to-Occipital_l_N10_nlin2MNI152ASYM2009C_9.0_publicDOI_f033f086926cf3e6151f295df25dbcbd.nii.gz
GapMap_Frontal-to-Occipital;9.0;GapMap_Frontal-to-Occipital_r_N10_nlin2MNI152ASYM2009C_9.0_publicDOI_cce77a55c646d06ef7280982cfb907ac.nii.gz
GapMap_Frontal-to-Temporal;9.0;GapMap_Frontal-to-Temporal_l_N10_nlin2MNI152ASYM2009C_9.0_publicDOI_c1ab935a32eb2360076ca23af2bf7220.nii.gz
GapMap_Frontal-to-Temporal;9.0;GapMap_Frontal-to-Temporal_r_N10_nlin2MNI152ASYM2009C_9.0_publicDOI_87d8d3dd63332bdde40a4b2419a3b963.nii.gz
GapMap_Temporal-to-Parietal;9.0;GapMap_Temporal-to-Parietal_l_N10_nlin2MNI152ASYM2009C_9.0_publicDOI_c968ac8b046cab0b4f7252dab14e1d95.nii.gz
GapMap_Temporal-to-Parietal;9.0;GapMap_Temporal-to-Parietal_r_N10_nlin2MNI152ASYM2009C_9.0_publicDOI_7161dc32d144c76f64eb18c54edf015e.nii.gz
CA1;11.1;CA1_l_N10_nlin2MNI152ASYM2009C_11.1_publicP_8608fd3351abb7c7e39e72827a46c776.nii.gz
CA1;11.1;CA1_r_N10_nlin2MNI152ASYM2009C_11.1_publicP_23c95d20bd183c30c7c0b6d1b71634e0.nii.gz
CA2;11.1;CA2_l_N10_nlin2MNI152ASYM2009C_11.1_publicP_66b60f4ca274fac07202dc60069d119c.nii.gz
CA2;11.1;CA2_r_N10_nlin2MNI152ASYM2009C_11.1_publicP_dec44a601aec2d7ac07e066938bf58fd.nii.gz
CA3;11.1;CA3_l_N10_nlin2MNI152ASYM2009C_11.1_publicP_4757b2a4c8cb9245f6bf37186e041212.nii.gz
CA3;11.1;CA3_r_N10_nlin2MNI152ASYM2009C_11.1_publicP_53afb12d00807e350f1034ae453b65d5.nii.gz
DG;11.1;DG_l_N10_nlin2MNI152ASYM2009C_11.1_publicP_63b6c6ca2614670ecfcfd07ac161a773.nii.gz
DG;11.1;DG_r_N10_nlin2MNI152ASYM2009C_11.1_publicP_e17778fc3b645ba71d25950e3d910b94.nii.gz
Entorhinal-Cortex;11.1;Entorhinal-Cortex_l_N10_nlin2MNI152ASYM2009C_11.1_publicP_27148827d3f0200b4c8d7a6d7d80e899.nii.gz
Entorhinal-Cortex;11.1;Entorhinal-Cortex_r_N10_nlin2MNI152ASYM2009C_11.1_publicP_e8710a1d4bc196b2b9baf719c6ebb552.nii.gz
HATA;11.1;HATA_l_N10_nlin2MNI152ASYM2009C_11.1_publicP_95105e302f3b56317cfcc76dde679bed.nii.gz
HATA;11.1;HATA_r_N10_nlin2MNI152ASYM2009C_11.1_publicP_b67d9ef909091d5c5ede90b9385b31db.nii.gz
Subiculum;11.1;Subiculum_l_N10_nlin2MNI152ASYM2009C_11.1_publicP_575479350db2732b1f06542c9189ea48.nii.gz
Subiculum;11.1;Subiculum_r_N10_nlin2MNI152ASYM2009C_11.1_publicP_37f6f1e1ab19f747292b0eb13fafd50e.nii.gz
Area-PF;9.4;Area-PF_l_N10_nlin2MNI152ASYM2009C_9.4_publicP_232ee1a96701fd6369893a0bfd006604.nii.gz
Area-PF;9.4;Area-PF_r_N10_nlin2MNI152ASYM2009C_9.4_publicP_3f27e68e17afea445deeafded99c6633.nii.gz
Area-PFcm;9.4;Area-PFcm_l_N10_nlin2MNI152ASYM2009C_9.4_publicP_03bbdd17e34fa7d15e12488a1e730b87.nii.gz
Area-PFcm;9.4;Area-PFcm_r_N10_nlin2MNI152ASYM2009C_9.4_publicP_df12fd4de58b023b1ce836b9e1b15f50.nii.gz
Area-PFm;9.4;Area-PFm_l_N10_nlin2MNI152ASYM2009C_9.4_publicP_b91583400e4eae70c7dd8b5d9fbb8a0b.nii.gz
Area-PFm;9.4;Area-PFm_r_N10_nlin2MNI152ASYM2009C_9.4_publicP_7744d3d7dd11136dec4dfa32df9e98dc.nii.gz
Area-PFop;9.4;Area-PFop_l_N10_nlin2MNI152ASYM2009C_9.4_publicP_aea8b01da2b34eb6fa55f23c761581d5.nii.gz
Area-PFop;9.4;Area-PFop_r_N10_nlin2MNI152ASYM2009C_9.4_publicP_41de808eea08d56348e1d2f33089b7ac.nii.gz
Area-PFt;9.4;Area-PFt_l_N10_nlin2MNI152ASYM2009C_9.4_publicP_196a3fbe66f24e12f85b801f217e9e88.nii.gz
Area-PFt;9.4;Area-PFt_r_N10_nlin2MNI152ASYM2009C_9.4_publicP_e8b0b9809b9b9e92932b6738621f10d0.nii.gz
Area-PGa;9.4;Area-PGa_l_N10_nlin2MNI152ASYM2009C_9.4_publicP_190313f13b5be1ab12e3158849d67f82.nii.gz
Area-PGa;9.4;Area-PGa_r_N10_nlin2MNI152ASYM2009C_9.4_publicP_864b3f1663b099d6b9b022759037adac.nii.gz
Area-PGp;9.4;Area-PGp_l_N10_nlin2MNI152ASYM2009C_9.4_publicP_a7606ad6aee9b211e12791da1702a93d.nii.gz
Area-PGp;9.4;Area-PGp_r_N10_nlin2MNI152ASYM2009C_9.4_publicP_00fe0dd5eeb34102151c9d02db4ec9ca.nii.gz
Area-Ia;3.1;Area-Ia_l_N10_nlin2MNI152ASYM2009C_3.1_publicDOI_82ae272cff90aef08afd2f7fb796f40e.nii.gz
Area-Ia;3.1;Area-Ia_r_N10_nlin2MNI152ASYM2009C_3.1_publicDOI_2001e265fbf36fe21323579916ec35d7.nii.gz
Area-Id1;13.1;Area-Id1_l_N10_nlin2MNI152ASYM2009C_13.1_publicP_8fd97fb76a5736128c1f7ad16bc0bba7.nii.gz
Area-Id1;13.1;Area-Id1_r_N10_nlin2MNI152ASYM2009C_13.1_publicP_22d1122a51e8085a153bbda7b57de10f.nii.gz
Area-Id2;7.1;Area-Id2_l_N10_nlin2MNI152ASYM2009C_7.1_publicDOI_83c4dfd4ac3d01dbce9a696fbc418124.nii.gz
Area-Id2;7.1;Area-Id2_r_N10_nlin2MNI152ASYM2009C_7.1_publicDOI_c8f78e38eec802f428060a847fb77118.nii.gz
Area-Id3;7.1;Area-Id3_l_N10_nlin2MNI152ASYM2009C_7.1_publicDOI_4183413d4e9740092c93a75daa233a33.nii.gz
Area-Id3;7.1;Area-Id3_r_N10_nlin2MNI152ASYM2009C_7.1_publicDOI_23896ccfb293ffb00655173710393425.nii.gz
Area-Id4;3.1;Area-Id4_l_N10_nlin2MNI152ASYM2009C_3.1_publicDOI_b4605e532cf2ddd5bb8a549a27a3d224.nii.gz
Area-Id4;3.1;Area-Id4_r_N10_nlin2MNI152ASYM2009C_3.1_publicDOI_ca7977b46ea8dacc94ae5efdb8f127f2.nii.gz
Area-Id5;3.1;Area-Id5_l_N10_nlin2MNI152ASYM2009C_3.1_publicDOI_b017893b746f8107ea45c8dd6dd92e7d.nii.gz
Area-Id5;3.1;Area-Id5_r_N10_nlin2MNI152ASYM2009C_3.1_publicDOI_e9c3f8ddd0a93269dbb6f347d83d7220.nii.gz
Area-Id6;3.1;Area-Id6_l_N10_nlin2MNI152ASYM2009C_3.1_publicDOI_a24f1497b3c7e15ff0df6dc65967beea.nii.gz
Area-Id6;3.1;Area-Id6_r_N10_nlin2MNI152ASYM2009C_3.1_publicDOI_9d98a323562de7f0053327affa3519ea.nii.gz
Area-Id7;6.1;Area-Id7_l_N10_nlin2MNI152ASYM2009C_6.1_publicDOI_77c72f55136958fe2d3168d19f6cc69e.nii.gz
Area-Id7;6.1;Area-Id7_r_N10_nlin2MNI152ASYM2009C_6.1_publicDOI_b7994a6629e3fb63058d69215d70ced6.nii.gz
Area-Ig1;13.1;Area-Ig1_l_N10_nlin2MNI152ASYM2009C_13.1_publicP_587f0b9e256010a2e3bdbb7321aa7063.nii.gz
Area-Ig1;13.1;Area-Ig1_r_N10_nlin2MNI152ASYM2009C_13.1_publicP_5e914ba86784db502460ab86dd84ead1.nii.gz
Area-Ig2;13.1;Area-Ig2_l_N10_nlin2MNI152ASYM2009C_13.1_publicP_2f60f8bc943649eba1c2b6d6a8e7b76f.nii.gz
Area-Ig2;13.1;Area-Ig2_r_N10_nlin2MNI152ASYM2009C_13.1_publicP_d1dc679859b9235ea015e69295eff00b.nii.gz
Area-Ig3;3.1;Area-Ig3_l_N10_nlin2MNI152ASYM2009C_3.1_publicDOI_de373a6a61a7755d08d8459035c60c2f.nii.gz
Area-Ig3;3.1;Area-Ig3_r_N10_nlin2MNI152ASYM2009C_3.1_publicDOI_1cf0bbdbabb02bd161e078d6a0629b26.nii.gz
Area-4a;9.4;Area-4a_l_N10_nlin2MNI152ASYM2009C_9.4_publicP_17bc2f4274717d28cd6e8d08701b2bdd.nii.gz
Area-4a;9.4;Area-4a_r_N10_nlin2MNI152ASYM2009C_9.4_publicP_90149db59e88b8e1fdea70d936179775.nii.gz
Area-4p;9.4;Area-4p_l_N10_nlin2MNI152ASYM2009C_9.4_publicP_bbb57aac5d0640f9bafae67c4848120b.nii.gz
Area-4p;9.4;Area-4p_r_N10_nlin2MNI152ASYM2009C_9.4_publicP_a9f9d000c1f6ad6deea97b6ec7f3150a.nii.gz
Area-Fo1;3.4;Area-Fo1_l_N10_nlin2MNI152ASYM2009C_3.4_publicP_3f65ae3b2e9cf7d862d67dd48ced0067.nii.gz
Area-Fo1;3.4;Area-Fo1_r_N10_nlin2MNI152ASYM2009C_3.4_publicP_0e315b68d3ba62f57d760ca648b34bc6.nii.gz
Area-Fo2;3.4;Area-Fo2_l_N10_nlin2MNI152ASYM2009C_3.4_publicP_cbed881ad492f9448377c5e30612c534.nii.gz
Area-Fo2;3.4;Area-Fo2_r_N10_nlin2MNI152ASYM2009C_3.4_publicP_c6b99dffe93a19000672e69c1628896c.nii.gz
Area-Fo3;3.4;Area-Fo3_l_N10_nlin2MNI152ASYM2009C_3.4_publicP_43d37db34f1d5f00cea00d28ac14694d.nii.gz
Area-Fo3;3.4;Area-Fo3_r_N10_nlin2MNI152ASYM2009C_3.4_publicP_ce007eae721e0c172d39d4d73924dce0.nii.gz
Area-Fo4;2.1;Area-Fo4_l_N10_nlin2MNI152ASYM2009C_2.1_publicDOI_ee49548d3509e1ed845a5b3860fb55d7.nii.gz
Area-Fo4;2.1;Area-Fo4_r_N10_nlin2MNI152ASYM2009C_2.1_publicDOI_e2ae980f72cc8fd4ef8f60894232bc9f.nii.gz
Area-Fo5;2.1;Area-Fo5_l_N10_nlin2MNI152ASYM2009C_2.1_publicDOI_ed0cd8cc22de8e12680a870972d4c3cf.nii.gz
Area-Fo5;2.1;Area-Fo5_r_N10_nlin2MNI152ASYM2009C_2.1_publicDOI_f001b1a0a4db463820cfb06642e13d35.nii.gz
Area-Fo6;2.1;Area-Fo6_l_N10_nlin2MNI152ASYM2009C_2.1_publicDOI_811494bcb4eed3bab7d10015dbae2ea2.nii.gz
Area-Fo6;2.1;Area-Fo6_r_N10_nlin2MNI152ASYM2009C_2.1_publicDOI_264107f92b6685a02b94a372d9d2e16d.nii.gz
Area-Fo7;2.1;Area-Fo7_l_N10_nlin2MNI152ASYM2009C_2.1_publicDOI_99b4ea0d9495a68775755f1c160193d2.nii.gz
Area-Fo7;2.1;Area-Fo7_r_N10_nlin2MNI152ASYM2009C_2.1_publicDOI_d566c2c09ce7f85a3ba2b89001bc9a5b.nii.gz
Area-OP1;11.0;Area-OP1_l_N10_nlin2MNI152ASYM2009C_11.0_publicP_0b6f5da8dbf21efccae79f5ed4585449.nii.gz
Area-OP1;11.0;Area-OP1_r_N10_nlin2MNI152ASYM2009C_11.0_publicP_d313b6c63e35fac1fdb886b4fc00d35a.nii.gz
Area-OP2;11.0;Area-OP2_l_N10_nlin2MNI152ASYM2009C_11.0_publicP_fddb12a6183c72c638e38437d2f9a930.nii.gz
Area-OP2;11.0;Area-OP2_r_N10_nlin2MNI152ASYM2009C_11.0_publicP_f17ac7cb64cdcf4b11f1cee835c6eb88.nii.gz
Area-OP3;11.0;Area-OP3_l_N10_nlin2MNI152ASYM2009C_11.0_publicP_340f8c791a82f35c39c3952e25f1c56c.nii.gz
Area-OP3;11.0;Area-OP3_r_N10_nlin2MNI152ASYM2009C_11.0_publicP_c45841161e2bf8ff22d0c19cb9c9f8f5.nii.gz
Area-OP4;11.0;Area-OP4_l_N10_nlin2MNI152ASYM2009C_11.0_publicP_0a38c8123ad8672a10827968a781269d.nii.gz
Area-OP4;11.0;Area-OP4_r_N10_nlin2MNI152ASYM2009C_11.0_publicP_d0308e366a39e416fd80f1bd8f98e927.nii.gz
Area-OP5;2.0;Area-OP5_l_N10_nlin2MNI152ASYM2009C_2.0_publicDOI_62516f5d355d0145d2e542c2fe660ad4.nii.gz
Area-OP5;2.0;Area-OP5_r_N10_nlin2MNI152ASYM2009C_2.0_publicDOI_63077b250a5668e7b64012cd9430f7bc.nii.gz
Area-OP6;2.0;Area-OP6_l_N10_nlin2MNI152ASYM2009C_2.0_publicDOI_4c02222c64a113912419e4d34a1c7c31.nii.gz
Area-OP6;2.0;Area-OP6_r_N10_nlin2MNI152ASYM2009C_2.0_publicDOI_0e4d3408bc5e01544f1fc0037262d441.nii.gz
Area-OP7;2.0;Area-OP7_l_N10_nlin2MNI152ASYM2009C_2.0_publicDOI_7c8d86dfb5adc7a60525dd1ef622f0d7.nii.gz
Area-OP7;2.0;Area-OP7_r_N10_nlin2MNI152ASYM2009C_2.0_publicDOI_7ae75fe644245ca86c4e098c07c1ccb4.nii.gz
Area-OP8;5.1;Area-OP8_l_N10_nlin2MNI152ASYM2009C_5.1_publicDOI_725490a41290082fd0406891b18c2f10.nii.gz
Area-OP8;5.1;Area-OP8_r_N10_nlin2MNI152ASYM2009C_5.1_publicDOI_a53f9e65791a7fc3c2f94e4f9eb04e5f.nii.gz
Area-OP9;5.1;Area-OP9_l_N10_nlin2MNI152ASYM2009C_5.1_publicDOI_c2e38793e7e6c6648b241e234c2f3013.nii.gz
Area-OP9;5.1;Area-OP9_r_N10_nlin2MNI152ASYM2009C_5.1_publicDOI_58c533e6118efe6463248b5df86986e2.nii.gz
Area-hIP4;7.1;Area-hIP4_l_N10_nlin2MNI152ASYM2009C_7.1_publicP_faadb07d847ce7318d729811059935eb.nii.gz
Area-hIP4;7.1;Area-hIP4_r_N10_nlin2MNI152ASYM2009C_7.1_publicP_72d59a1cc003656e0ba71e48aad28950.nii.gz
Area-hIP5;7.1;Area-hIP5_l_N10_nlin2MNI152ASYM2009C_7.1_publicP_e131e130461cf9631204f54d738bf923.nii.gz
Area-hIP5;7.1;Area-hIP5_r_N10_nlin2MNI152ASYM2009C_7.1_publicP_713fc12a33cacbcca86eacf0821d326e.nii.gz
Area-hIP6;7.1;Area-hIP6_l_N10_nlin2MNI152ASYM2009C_7.1_publicP_52fe8b653ebdbbb6def426d765942f8f.nii.gz
Area-hIP6;7.1;Area-hIP6_r_N10_nlin2MNI152ASYM2009C_7.1_publicP_388c3d08692a0e43327973057b801b37.nii.gz
Area-hIP7;7.1;Area-hIP7_l_N10_nlin2MNI152ASYM2009C_7.1_publicP_0695ebb7c2f960eec12ba4b491d3cb2c.nii.gz
Area-hIP7;7.1;Area-hIP7_r_N10_nlin2MNI152ASYM2009C_7.1_publicP_6876cf09371326c654a23427dda0ed56.nii.gz
Area-hIP8;7.1;Area-hIP8_l_N10_nlin2MNI152ASYM2009C_7.1_publicP_dd13da17967ad5c4e59f7d887c02f89e.nii.gz
Area-hIP8;7.1;Area-hIP8_r_N10_nlin2MNI152ASYM2009C_7.1_publicP_5a5216536bf29e9ded8441ec9a1ffb5d.nii.gz
Area-hPO1;7.1;Area-hPO1_l_N10_nlin2MNI152ASYM2009C_7.1_publicP_3267beea2dae8de576b23398001f8f64.nii.gz
Area-hPO1;7.1;Area-hPO1_r_N10_nlin2MNI152ASYM2009C_7.1_publicP_c996c168dda5ef3a740255dd0cd69fbb.nii.gz
Area-1;8.4;Area-1_l_N10_nlin2MNI152ASYM2009C_8.4_publicP_e9d35fcf716b9d797178b2bfb330b244.nii.gz
Area-1;8.4;Area-1_r_N10_nlin2MNI152ASYM2009C_8.4_publicP_34d91213c789704d9a94e3224dceb98d.nii.gz
Area-2;3.4;Area-2_l_N9_nlin2MNI152ASYM2009C_3.4_publicP_2465c086b2ef8631a3347c034ebb1f28.nii.gz
Area-2;3.4;Area-2_r_N9_nlin2MNI152ASYM2009C_3.4_publicP_fd3f3080848d7b5a4c7d52179db00162.nii.gz
Area-3a;8.4;Area-3a_l_N10_nlin2MNI152ASYM2009C_8.4_publicP_5394192f76ab282c0991d3b3da53f785.nii.gz
Area-3a;8.4;Area-3a_r_N10_nlin2MNI152ASYM2009C_8.4_publicP_52c60bc5692ac2c2c42e385bfab3bfbc.nii.gz
Area-3b;8.4;Area-3b_l_N10_nlin2MNI152ASYM2009C_8.4_publicP_2be33495b5b5649267a5532597b9f77b.nii.gz
Area-3b;8.4;Area-3b_r_N10_nlin2MNI152ASYM2009C_8.4_publicP_baa8be55d70e311b8a27e68dfa8e202d.nii.gz
Area-6d1;4.1;Area-6d1_l_N10_nlin2MNI152ASYM2009C_4.1_publicDOI_e6e250bc3572dd1e044507e5a5d5d6dc.nii.gz
Area-6d1;4.1;Area-6d1_r_N10_nlin2MNI152ASYM2009C_4.1_publicDOI_76d7c030367c710eccf8af6a5a0f8226.nii.gz
Area-6d2;4.1;Area-6d2_l_N10_nlin2MNI152ASYM2009C_4.1_publicDOI_1e991a03b6a7aa43722204959dd488ee.nii.gz
Area-6d2;4.1;Area-6d2_r_N10_nlin2MNI152ASYM2009C_4.1_publicDOI_04165b8b6f280a39d94a2491422476c7.nii.gz
Area-6d3;4.1;Area-6d3_l_N10_nlin2MNI152ASYM2009C_4.1_publicDOI_16702ff5d57ca9725a47700dd48f6554.nii.gz
Area-6d3;4.1;Area-6d3_r_N10_nlin2MNI152ASYM2009C_4.1_publicDOI_d9c30abe216d36a0f77e190f8d7bae5f.nii.gz
Area-a29;11.0;Area-a29_l_N10_nlin2MNI152ASYM2009C_11.0_publicDOI_6020d4d85327a9557a8ec2b0123237d1.nii.gz
Area-a29;11.0;Area-a29_r_N10_nlin2MNI152ASYM2009C_11.0_publicDOI_ad302551306ed36e0ae75c40afa0a67d.nii.gz
Area-a30;11.0;Area-a30_l_N10_nlin2MNI152ASYM2009C_11.0_publicDOI_e08bbc63ba2ec01423df10f97c5e83b6.nii.gz
Area-a30;11.0;Area-a30_r_N10_nlin2MNI152ASYM2009C_11.0_publicDOI_95e275b2faba6b24dcb9248e3cf9318a.nii.gz
Area-i29;11.0;Area-i29_l_N10_nlin2MNI152ASYM2009C_11.0_publicDOI_cc1e8beb8ad1cf736a2c917738602ed9.nii.gz
Area-i29;11.0;Area-i29_r_N10_nlin2MNI152ASYM2009C_11.0_publicDOI_6a7dc055a5f97570fbaa9d786fd03901.nii.gz
Area-i30;11.0;Area-i30_l_N10_nlin2MNI152ASYM2009C_11.0_publicDOI_b396f934c852768ff8a044c1ac255cc2.nii.gz
Area-i30;11.0;Area-i30_r_N10_nlin2MNI152ASYM2009C_11.0_publicDOI_a6089651f8f35e9c072fca912e2cbb4c.nii.gz
Area-p29;11.0;Area-p29_l_N10_nlin2MNI152ASYM2009C_11.0_publicDOI_3259df6600939318526b1e203b51df4e.nii.gz
Area-p29;11.0;Area-p29_r_N10_nlin2MNI152ASYM2009C_11.0_publicDOI_23e3549fd62a8af9b69395efff89a257.nii.gz
Area-p30;11.0;Area-p30_l_N10_nlin2MNI152ASYM2009C_11.0_publicDOI_f9a784d19d9cd03b17295f20de37f67c.nii.gz
Area-p30;11.0;Area-p30_r_N10_nlin2MNI152ASYM2009C_11.0_publicDOI_1e0abe274e7a4dad6f4e5129f020cff1.nii.gz
Area-5Ci;8.4;Area-5Ci_l_N10_nlin2MNI152ASYM2009C_8.4_publicP_b20531e8708e6f986d9b6db3c6677569.nii.gz
Area-5Ci;8.4;Area-5Ci_r_N10_nlin2MNI152ASYM2009C_8.4_publicP_21e5812004c89646fc7a057d56adc7c0.nii.gz
Area-5L;8.4;Area-5L_l_N10_nlin2MNI152ASYM2009C_8.4_publicP_ff6060681c425d11c0795febe66b0fce.nii.gz
Area-5L;8.4;Area-5L_r_N10_nlin2MNI152ASYM2009C_8.4_publicP_dc14d7b3b6b85c3d8569127ad7473b6f.nii.gz
Area-5M;8.4;Area-5M_l_N10_nlin2MNI152ASYM2009C_8.4_publicP_450d6fd1bf8383f0ce62c0688f18ea3e.nii.gz
Area-5M;8.4;Area-5M_r_N10_nlin2MNI152ASYM2009C_8.4_publicP_4c20007afaec93cf3aaa64488e9ad773.nii.gz
Area-7A;8.4;Area-7A_l_N10_nlin2MNI152ASYM2009C_8.4_publicP_c1a3c2646c1b859ab9af3ff8e7ee66ae.nii.gz
Area-7A;8.4;Area-7A_r_N10_nlin2MNI152ASYM2009C_8.4_publicP_34fbc47a95f3319fcaaeca0c5fe44b29.nii.gz
Area-7PC;8.4;Area-7PC_l_N10_nlin2MNI152ASYM2009C_8.4_publicP_7fd19b635bd6dd2b315a617a84a6299c.nii.gz
Area-7PC;8.4;Area-7PC_r_N10_nlin2MNI152ASYM2009C_8.4_publicP_31242ff38cab5374ecb63fc3894fe14e.nii.gz
Area-7P;8.4;Area-7P_l_N10_nlin2MNI152ASYM2009C_8.4_publicP_56686a319653a2ec9421513185c0d5be.nii.gz
Area-7P;8.4;Area-7P_r_N10_nlin2MNI152ASYM2009C_8.4_publicP_676ffa429d4fa576995e9d5c86cd7ecb.nii.gz
Area-6ma;9.1;Area-6ma_l_N10_nlin2MNI152ASYM2009C_9.1_publicP_663984b1f9442943c72667990037fcc8.nii.gz
Area-6ma;9.1;Area-6ma_r_N10_nlin2MNI152ASYM2009C_9.1_publicP_d1a10635fbb17097fe26785d2df16a30.nii.gz
Area-6mp;9.1;Area-6mp_l_N10_nlin2MNI152ASYM2009C_9.1_publicP_c09396849f74c5836efc95100744d5eb.nii.gz
Area-6mp;9.1;Area-6mp_r_N10_nlin2MNI152ASYM2009C_9.1_publicP_50e79b5e2d1964014cb0abe7b02d6f9a.nii.gz
Area-FG1;1.4;Area-FG1_l_N10_nlin2MNI152ASYM2009C_1.4_publicP_4bc25fe7c158f13e2f287f26e1d029d1.nii.gz
Area-FG1;1.4;Area-FG1_r_N10_nlin2MNI152ASYM2009C_1.4_publicP_219cdd460199f0875fa9ecf2c78ab2dd.nii.gz
Area-FG2;1.4;Area-FG2_l_N10_nlin2MNI152ASYM2009C_1.4_publicP_0d7d50096574f6bcb2a1d2ec522fc822.nii.gz
Area-FG2;1.4;Area-FG2_r_N10_nlin2MNI152ASYM2009C_1.4_publicP_c7edd4fcddbae93563dff615e638dafd.nii.gz
Area-FG3;6.1;Area-FG3_l_N10_nlin2MNI152ASYM2009C_6.1_publicP_102970d31b022569fb79d525ee92ef15.nii.gz
Area-FG3;6.1;Area-FG3_r_N10_nlin2MNI152ASYM2009C_6.1_publicP_25d421b48dbbf3a8c438bfd67c4b7a44.nii.gz
Area-FG4;6.1;Area-FG4_l_N10_nlin2MNI152ASYM2009C_6.1_publicP_5032a3ce313204a0d504d251f496d3b3.nii.gz
Area-FG4;6.1;Area-FG4_r_N10_nlin2MNI152ASYM2009C_6.1_publicP_82be7fd6a6c36979c7b62b854f9a1e5b.nii.gz
Area-hOc1;2.4;Area-hOc1_l_N10_nlin2MNI152ASYM2009C_2.4_publicP_5cf8227e93fc794c16e421e3d1ad733e.nii.gz
Area-hOc1;2.4;Area-hOc1_r_N10_nlin2MNI152ASYM2009C_2.4_publicP_9c20bd9404b876696318f400540749b8.nii.gz
Area-hOc2;2.4;Area-hOc2_l_N10_nlin2MNI152ASYM2009C_2.4_publicP_803afb88eee8c2578ff369622551b72a.nii.gz
Area-hOc2;2.4;Area-hOc2_r_N10_nlin2MNI152ASYM2009C_2.4_publicP_271ef05d616f84189beb49283af70e22.nii.gz
Area-hOc3d;2.4;Area-hOc3d_l_N10_nlin2MNI152ASYM2009C_2.4_publicP_7f564bd9c4d7699568f2196580132dfd.nii.gz
Area-hOc3d;2.4;Area-hOc3d_r_N10_nlin2MNI152ASYM2009C_2.4_publicP_73ce3d43fba89e36ce7086d08c001fe4.nii.gz
Area-hOc3v;3.4;Area-hOc3v_l_N10_nlin2MNI152ASYM2009C_3.4_publicP_02b7875d4f04899dfc5557ec6d2fb5ce.nii.gz
Area-hOc3v;3.4;Area-hOc3v_r_N10_nlin2MNI152ASYM2009C_3.4_publicP_70ddc0aa082d41f8e8c0b5bc985e880c.nii.gz
Area-hOc4d;2.4;Area-hOc4d_l_N10_nlin2MNI152ASYM2009C_2.4_publicP_6dd06fd5e1477fe496449bef76b9653a.nii.gz
Area-hOc4d;2.4;Area-hOc4d_r_N10_nlin2MNI152ASYM2009C_2.4_publicP_19e2f7a3609f1b9c267a9347a58cc933.nii.gz
Area-hOc4la;3.4;Area-hOc4la_l_N10_nlin2MNI152ASYM2009C_3.4_publicP_dbad9ca7dffabfff816b42d604a8e933.nii.gz
Area-hOc4la;3.4;Area-hOc4la_r_N10_nlin2MNI152ASYM2009C_3.4_publicP_2c5a2087837c8da83dac952430b71eeb.nii.gz
Area-hOc4lp;3.4;Area-hOc4lp_l_N10_nlin2MNI152ASYM2009C_3.4_publicP_6c7673b4d295512409570c0f4abe607c.nii.gz
Area-hOc4lp;3.4;Area-hOc4lp_r_N10_nlin2MNI152ASYM2009C_3.4_publicP_be2ab656339205d30ad8b026bd54dbad.nii.gz
Area-hOc4v;3.4;Area-hOc4v_l_N10_nlin2MNI152ASYM2009C_3.4_publicP_50bd5ad184e0a3b584ac5a0f679fe9c3.nii.gz
Area-hOc4v;3.4;Area-hOc4v_r_N10_nlin2MNI152ASYM2009C_3.4_publicP_701999dadfc6fa4245db8a6dfb4dfd5e.nii.gz
Area-hOc5;2.4;Area-hOc5_l_N10_nlin2MNI152ASYM2009C_2.4_publicP_0f02c2aca169c515eedf3e2bb0a91a19.nii.gz
Area-hOc5;2.4;Area-hOc5_r_N10_nlin2MNI152ASYM2009C_2.4_publicP_a33de1e1ff70c41a435044af62694afa.nii.gz
Area-hOc6;7.1;Area-hOc6_l_N10_nlin2MNI152ASYM2009C_7.1_publicP_0c244b47ae27661269c12f4dae51ee23.nii.gz
Area-hOc6;7.1;Area-hOc6_r_N10_nlin2MNI152ASYM2009C_7.1_publicP_97b981a90910ca224df3da5a48e8f54b.nii.gz
